datum,,hex,,,,leg curls,,,,leg ext,,,,calv raises ,,,bauch,,,,
,,1.,2.,3.,,1.,2.,3.,,1.,2.,3.,,1.,2.,,1.,2.,,,
11.03.25,,wa: 90/8,120/8,130/8,liegend,75/8,"77,5/8",,,90/8,95/8,100/8,stehend,130/8,140/9,,"47,5/8",50/9,,,
20.04.25,,wa:100/8,120/8,130/8,,"77,5/8",80/8,,,95/8,105/8,,,140/8,150/8,,50/8,55/8,,,
19.05.2025,,100/8,120/8,140/8,,80/8,85/7,,,100/8,105/8 1rir ,,sitz,60/9,60/8,,55/8,"57,5/8 0rir ",,,
20.06.25,,120/8,140/8,145/6,,80/8,85/8,,,100/8,"100/7,5",,,150/8,160/,,50/8,55/,,,
10.07.25,,120/8,140/8,140/8,sitzen,80/8,,,,,,,,150/8,160/8 1rir,,,,,,
21.07.25,,120/8,140/8,150/8,liegend,80/8,"85/6,5",,,100/8,100/8,,,,,,,,,,
22.08.25,,140/8,150/8,155/5 2 rir,sitzend,80/8,"87,5/7,5",,,95/8,100/8,,,155/8,160/,,,,,,
01.10.25,,140/8,140/8 1rir ,,liegend,80/8,85/8 1rir ,,komische maschiene,90/8,100/7,,,150/8,"160/7,5",rdl,40/8,60/8,,,
05.10.25,Noch muskelkater,140/8,140/8,,einseitige,40/8,45/8,,,100/8,100/8 0rir ,,,160/8,160/8,back ext,15s/8,,,,
09.10.25,,140/8,150/8 1rir ,,,45/8,"47,5/8",,einseitige ding,50/8,"52,5/8 1rir ",,,165/8,165/7,back ext ,15s/8,25s/8,,,
14.10 25,,145/8,150/8 1rir ,,,"47,5/8",50/8,,,"52,5/8","52,5/",,,165/8,165/8,,,,,,
22.10.25,,wa: 100,140/8,150/8 1rir ,normal,80/8,85/8,,,105/8,105/8,,,170/8,170/8,,,,,,
26.10.25,Als 3.,130/8,140/8,,liegend,85/8,"87,5/8 0rir ",,,100/8,105/9,,,175/8,175/7,,,,,,
05.11.25,,140/8,150/8,,,"87,5/8","87,5/8 0rir ",,,110/8,115/7,,,175/8,175/7,,,,,,
09.11.25,,100/8,140/8,150/8 2rir,sitzend,85/8,"85/7,5",,,115/8,115/8 0rir ,,,175/8,175/8 1rir ,,,,,,
13.11.25,,150/8,150/8 1rir ,,,90/8,90/8 1rir ,,einseitige,"57,5/8","57,5/4",Knie schmerzen ,,175/8,"177,5/8 1rir ",,,,,,
17.11.25,,150/8,155/8 geht noch was,,,"92,5/8","92,5/6",,,115/8,115/8 0rir ,,sitzen,75/8,80/,,,,,,
21.11.25,,150/8,150/8 1rir ,,,"92,5/8","92,5/6",,,115/,,,,"177,5/8","177,5/8 1rir ",,,,,,
25.11.25,,155/8,155/8 1rir ,,,"92,5/8","92,5/8 0rir ",,,"117,5/8","117,5/8 1rir ",,,180/8,180/8,,,,,,
29.11.25,,155/8,160/8 1rir ,,sitzend,"87,5/8","90/6,5",,alternating one side,"57,5/8","57,5/7",,,180/8,180/8 0rir ,,,,,,
03.12 25,,160/8,160/8 0rir ,,,"92,5/8","92,5/7,5",,,"57,5/8","57,5/",,,180/8,180/8 0rir ,,,,,,
07.12.25,Gestern 14km lauf,155/8,155/8 1rir ,,Sitzend,wa:65,90/8,90/8 1rir ,,"57,5/8","57,5/7",,sitzen,75/8,75/8,,,,,,
11.12.25,,160/8,160/8 1rir ,,,wa:65,"92,5/8","92,5/5,5",,"57,5/8","57,5/8 1rir ",,,"77,5/8","77,5/8 1rir ",,,,,,
15.11 25,carb loaded,160/8,165/8 1rir ,,liegend,wa:70,"92,5/8",95/6,,60/8,60/8 1rir ,,stehen ,180/8,180/8 1rir ,,,,,,
19.12.25,,160/8,165/8 1rir ,,,wa:70,95/8,95/6,,60/8,60/8 0rir ,,,180/8,180/8,,,,,,
23.12.25,smith,95/8,100/8,,,wa:70,95/8,95/5,,60/8,60/8 0rir ,,sitzen ,75/8,75/8,,,,,,
Ende Diät ,,,,,,,,,,,,,,,,,,,,,
27.12.25,,160/8,165/8 2rir,,,wa:75,95/8,"95/6,5",,60/8,"62,5/7,5",,,180/8,180/8,,,,,,
31.12.25,,160/8,170/5,,,wa:75,"97,5/8","97,5/5",,"62,5/8",65/6,,,185/8,185/8,,,,,,
04.01.26,,165/8,170/5,,,wa:75,"97,5/8","97,5/5",,65/8,65/7,,,185/,,,,,,,
08.01.26,,170/8,170/7,,,wa:75,"97,5/8","97,5/6",,"67,5/8","67,5/5",,,185/8,190/8 0rir ,,,,,,
12.01.26,,170/8,170/8,,,"wa:72,5","97,5/8","97,5/6",,"67,5/8","67,5/6",,,190/,,,,,,,
16.01.26,,"172,5/8","172,5/6",,,wa:75,100/7,100/5,,"67,5/8","67,5/6,5",,,190/8,"195/7,5",,,,,,
20.01.26,,"172,5/8",175/5,,sitzen ,wa:75,95/8 1rir ,"95/7,5",,70/7,70/6,,,195/8,195/7,,,,,,
1 Woche krank,,,,,,,,,,,,,,,,,,,,,
29.01.26,Gürtel squat,wa:60,100/8,100/8 3rir,,wa:75,100/6,"97,5/5,5",,70/8,"70/6,5",,,195/8,195/8 1rir ,,,,,,
01.02.26,,100/8,110/8 1rir ,,,wa:75,100/8 0rir ,100/5,,70/8,70/7,,,"197,5/8","197,5/8 0rir ",,,,,,
04.02.26,,110/8,110/8 3rir,,,wa:75,100/7,100/5,,70/8,70/7,,,"197,5/8","197,5/7,5",,,,,,
08.02.26,,175/8,175/6,,,wa:75,100/8 0rir ,"100/5,5",,70/,,,,200/8,200/7,,,,,,
12.02.26,,180/8,185/7,,,wa:75,100/8,100/7,,70/8,"72,5/7",,,200/8,200/7,,,,,,
18.02.26,,185/8,185/5,,sitzen,wa:75,100/8,"100/7,5",,"72,5/8","72,5/5",,,200/8,200/8 0rir ,adductor,wa:80,125/7,125/6,,
22.02.26,aadduktor kater,-,-,,liegen,wa:75,100/8,"100/7,5",,"72,5/8","72,5/7",,,"202,5/8 1rir","202,5/6,5",,,,,,
26.02.26,,"187,5/8 0rir","187,5/6 1rir",,sitzen,wa:75,"102,5/7,5","102,5/6,5",andere maschi,75/7,75/4,,,205/8,"205/7,5",add,wa:90,125/8,125/6,,
02.03.26,,"187,5/8 0-1rir ","187,5/5 1-2rir",,liegen,wa:75,"102,5/7","102,5/5,5",,75/7,75/5,,,210/8,210/6,add,wa:90,"127,5/8","127,5/8 0rir ",,
14.03.26,,180/8,180/8,,liegen,wa:75,100/8,100/5,,70/,,,,200/8,"210/9,5",,,,,,
18.03.26,,"187,5/8 0-1rir","187,5/6",,liegen,wa:75,"102,5/8","102,5/5",,"72,5/8","72,5/6",,,210/8,20/8 0rir ,,100/8,125/10,,,
22.03.26,,190/8,190/6,,liegen,wa:75,105/7,"105/4,5",,75/8,75/5,,,210/8,210/8 0rir ,,125/8,"125/6,5",,,
25.03.26,,"192,5/8","192,5/6 0-1 rir",,liegen,wa:75,"105/7,5","105/4,5",,75/8,"75/6,75",,,215/8,"215/6,5",,"127,5/8","135/8,5",,,
29.03.26,,195/8,195/7,,sitzen,wa:75,"105/7,5","105/5,5",,"77,5/6","77,5/4",,,215/8,215/8 0rir,,140/8,145/8 1rir,,,
06.04.26,,"197,5/8","197,5/7",,sitzen,wa:75,105/8,"105/6,5",,"77,5/7","77,5/5",,,215/8,215//9,,"147,5/8 0rir ","147,5/6,5",,,
10.04.26,,200/7,200/6,,liegen,wa:75,105/8 0rir ,105/5,,"77,5/8","77,5/6",,,"220/7,5",220/6,,150/8 0rir ,"150/5,5",,,
15.03.26,,200/8,200/6,,liegen,wa:75,100/8,100/10,,"77,5/8","77,5/6",,,220/8 1rir ,"220/6,5",,"152,5/8 0rir ","152,5/5",,,
24.03.26,,200/8,200/6,,sitzen,wa:75,"107,5/6,5","107,5/5,5",,"77,5/8","77,5/7",,,225/7,225/5,,"152,5/7","152,5/4,5",,,
28.04.26,,,,,sitzen,wa:75,"107,5/7,5","107,5/6,5",andere maschi,"80/5,5",80/4,,,225/7,"225/5,5",,"152,5/8","152,5/6",,,
03.04.26,,,,,sitzen,wa:75,"107,5/8 0rir","107,5/5,5",andere maschi ,80/6,80/5,,,225/8 0rir ,"225/6,5",,155/8,155/5,,,
06.05.26,,,,,sitzen,wa:75,"110/7,5",110/5,,80/7,80/5,,,225/8,225/6,,"157,5/8","157,5/6,5",,,
10.05.26,,,,,sitzen,wa:75,110/8 0rir ,110/6,,80/8,80/7,,,"227,5/8","227,5/6,5",,160/8,160/7,abd,80/8,85/8
13.05.26,,,,,sitzen,wa:75,110/8 0rir,"110/6,5",,"82,5/6","82,5/5",,,230/7,230/6,,"162,5/12????","167,5/6,5",,90/8,"95/6,5"